Sample	FusionName	Gene1A	Gene1B	Gene2A	Gene2B	Fusion_Type	annots
BS_WDC88K6G	KIAA1549--BRAF	KIAA1549	BRAF				"[Cosmic,ChimerPub,ChimerSeq,chimerdb_pubmed,ChimerKB,INTRACHROMOSOMAL[chr7:1.74Mb]]"
BS_6J9HGSSB	TFG--GPR128	TFG	GPR128				"[ChimerPub,GTEx,ChimerKB,Greger_Normal,ChimerSeq]"
BS_K62F9BCS	SPECC1L--NTRK2	SPECC1L	NTRK2				[INTERCHROMOSOMAL[chr22--chr9]]
BS_FWGN79WB	EWSR1--ERG	EWSR1	ERG				"[chimerdb_omim,chimerdb_pubmed,CCLE,Mitelman,Cosmic,ChimerPub,ChimerSeq,ChimerKB,INTERCHROMOSOMAL[chr22--chr21]]"
BS_38FJ0SBV	KIAA1549--BRAF	KIAA1549	BRAF				"[Cosmic,ChimerPub,ChimerSeq,chimerdb_pubmed,ChimerKB,INTRACHROMOSOMAL[chr7:1.74Mb]]"
BS_DE3B5AWG	KIAA1549--BRAF	KIAA1549	BRAF				"[Cosmic,ChimerPub,ChimerSeq,chimerdb_pubmed,ChimerKB,INTRACHROMOSOMAL[chr7:1.74Mb]]"
BS_J5QVVEK6	TFG--FOXJ3	TFG	FOXJ3				[INTERCHROMOSOMAL[chr3--chr1]]
BS_3SS0GYDQ	CDH11--USP6	CDH11	USP6				"[chimerdb_pubmed,ChimerKB,ChimerSeq,Cosmic,INTERCHROMOSOMAL[chr16--chr17]]"
BS_3SS0GYDQ	CDH11--USP6	CDH11	USP6				"[chimerdb_pubmed,ChimerKB,ChimerSeq,Cosmic,INTERCHROMOSOMAL[chr16--chr17]]"
BS_565NXM7G	KIAA1549--BRAF	KIAA1549	BRAF				"[Cosmic,ChimerPub,ChimerSeq,chimerdb_pubmed,ChimerKB,INTRACHROMOSOMAL[chr7:1.74Mb]]"
BS_PYR12WA6	KIAA1549--BRAF	KIAA1549	BRAF				"[Cosmic,ChimerPub,ChimerSeq,chimerdb_pubmed,ChimerKB,INTRACHROMOSOMAL[chr7:1.74Mb]]"
BS_Q3SJSECW	KIAA1549--BRAF	KIAA1549	BRAF				"[Cosmic,ChimerPub,ChimerSeq,chimerdb_pubmed,ChimerKB,INTRACHROMOSOMAL[chr7:1.74Mb]]"
BS_ANQ1PQF8	NCOA4--RET	NCOA4	RET				"[ChimerSeq,ChimerKB,FA_CancerSupp,Cosmic,ChimerPub,chimerdb_pubmed,HaasMedCancer,YOSHIHARA_TCGA,INTRACHROMOSOMAL[chr10:2.87Mb]]"
BS_MX6A841K	KIAA1549--BRAF	KIAA1549	BRAF				"[Cosmic,ChimerPub,ChimerSeq,chimerdb_pubmed,ChimerKB,INTRACHROMOSOMAL[chr7:1.74Mb]]"
BS_BM4AWHQ2	KIAA1549--BRAF	KIAA1549	BRAF				"[Cosmic,ChimerPub,ChimerSeq,chimerdb_pubmed,ChimerKB,INTRACHROMOSOMAL[chr7:1.74Mb]]"
BS_C4MPKK2H	EWSR1--FLI1	EWSR1	FLI1				"[CCLE,Klijn_CellLines,ChimerKB,ChimerSeq,FA_CancerSupp,ChimerPub,Mitelman,Cosmic,INTERCHROMOSOMAL[chr22--chr11]]"
BS_JKGT66BP	KIAA1549--BRAF	KIAA1549	BRAF				"[Cosmic,ChimerPub,ChimerSeq,chimerdb_pubmed,ChimerKB,INTRACHROMOSOMAL[chr7:1.74Mb]]"
BS_1MG2BRXM	KIAA1549--BRAF	KIAA1549	BRAF				"[Cosmic,ChimerPub,ChimerSeq,chimerdb_pubmed,ChimerKB,INTRACHROMOSOMAL[chr7:1.74Mb]]"
BS_902WNHT2	ETV6--NTRK3	ETV6	NTRK3				"[chimerdb_omim,Larsson_TCGA,YOSHIHARA_TCGA,chimerdb_pubmed,HaasMedCancer,Cosmic,ChimerPub,ChimerSeq,ChimerKB,FA_CancerSupp,INTERCHROMOSOMAL[chr12--chr15]]"
BS_902WNHT2	NTRK3--ETV6	NTRK3	ETV6				"[ChimerKB,ChimerSeq,ChimerPub,chimerdb_omim,INTERCHROMOSOMAL[chr15--chr12]]"
BS_R5BC671C	P2RY8--CRLF2	P2RY8	CRLF2				"[HGNC_GENEFAM,Mitelman,ChimerPub,INTRACHROMOSOMAL[chrX:0.25Mb]]"
BS_JEE020F8	KIAA1549--BRAF	KIAA1549	BRAF				"[Cosmic,ChimerPub,ChimerSeq,chimerdb_pubmed,ChimerKB,INTRACHROMOSOMAL[chr7:1.74Mb]]"
BS_8AP8XV05	KIAA1549--BRAF	KIAA1549	BRAF				"[Cosmic,ChimerPub,ChimerSeq,chimerdb_pubmed,ChimerKB,INTRACHROMOSOMAL[chr7:1.74Mb]]"
BS_KS8V7N4V	C2orf44--NTRK2	C2orf44	NTRK2				[]
BS_42RM9E3E	KIAA1549--BRAF	KIAA1549	BRAF				"[Cosmic,ChimerPub,ChimerSeq,chimerdb_pubmed,ChimerKB,INTRACHROMOSOMAL[chr7:1.74Mb]]"
BS_5WZBN4PG	ETV6--RUNX1	ETV6	RUNX1				"[Cosmic,chimerdb_omim,Mitelman,ChimerSeq,chimerdb_pubmed,ChimerKB,CCLE,INTERCHROMOSOMAL[chr12--chr21]]"
BS_D76NYH8H	KIAA1549--BRAF	KIAA1549	BRAF				"[Cosmic,ChimerPub,ChimerSeq,chimerdb_pubmed,ChimerKB,INTRACHROMOSOMAL[chr7:1.74Mb]]"
BS_RQDR76G2	TCF3--PBX1	TCF3	PBX1				"[ChimerPub,Mitelman,Cosmic,chimerdb_pubmed,CCLE,ChimerKB,ChimerSeq,INTERCHROMOSOMAL[chr19--chr1]]"
BS_2MZ3YAAQ	FGFR1--TACC1	FGFR1	TACC1				"[ChimerSeq,ChimerKB,Cosmic,INTRACHROMOSOMAL[chr8:0.26Mb]]"
BS_WP3P7YVH	KIAA1549--BRAF	KIAA1549	BRAF				"[Cosmic,ChimerPub,ChimerSeq,chimerdb_pubmed,ChimerKB,INTRACHROMOSOMAL[chr7:1.74Mb]]"
BS_4XX0MZZ7	P2RY8--CRLF2	P2RY8	CRLF2				"[HGNC_GENEFAM,Mitelman,ChimerPub,INTRACHROMOSOMAL[chrX:0.25Mb]]"
BS_4XX0MZZ7	ETV6--RUNX1	ETV6	RUNX1				"[Cosmic,chimerdb_omim,Mitelman,ChimerSeq,chimerdb_pubmed,ChimerKB,CCLE,INTERCHROMOSOMAL[chr12--chr21]]"
BS_4XX0MZZ7	RUNX1--ETV6	RUNX1	ETV6				"[chimerdb_omim,ChimerPub,ChimerKB,INTERCHROMOSOMAL[chr21--chr12]]"
BS_CPH1MESX	PAX3--FOXO1	PAX3	FOXO1				"[ChimerSeq,ChimerKB,Mitelman,Cosmic,ChimerPub,Klijn_CellLines,chimerdb_pubmed,CCLE,chimerdb_omim,INTERCHROMOSOMAL[chr2--chr13]]"
BS_5XZ990JG	NRF1--BRAF	NRF1	BRAF				[INTRACHROMOSOMAL[chr7:10.96Mb]]
BS_2FNFDCNB	QKI--NTRK2	QKI	NTRK2				"[Cosmic,ChimerKB,INTERCHROMOSOMAL[chr6--chr9]]"
BS_803XWRFN	ETV6--NTRK3	ETV6	NTRK3				"[chimerdb_omim,Larsson_TCGA,YOSHIHARA_TCGA,chimerdb_pubmed,HaasMedCancer,Cosmic,ChimerPub,ChimerSeq,ChimerKB,FA_CancerSupp,INTERCHROMOSOMAL[chr12--chr15]]"
BS_0DD7BQ8Z	TFG--GPR128	TFG	GPR128				"[ChimerPub,GTEx,ChimerKB,Greger_Normal,ChimerSeq]"
BS_KADGB2GY	KIAA1549--BRAF	KIAA1549	BRAF				"[Cosmic,ChimerPub,ChimerSeq,chimerdb_pubmed,ChimerKB,INTRACHROMOSOMAL[chr7:1.74Mb]]"
BS_HQ7C5E3D	AGAP3--BRAF	AGAP3	BRAF				[INTRACHROMOSOMAL[chr7:10.16Mb]]
BS_V17TP9SY	KIAA1549--BRAF	KIAA1549	BRAF				"[Cosmic,ChimerPub,ChimerSeq,chimerdb_pubmed,ChimerKB,INTRACHROMOSOMAL[chr7:1.74Mb]]"
BS_AK9X52AY	KIAA1549--BRAF	KIAA1549	BRAF				"[Cosmic,ChimerPub,ChimerSeq,chimerdb_pubmed,ChimerKB,INTRACHROMOSOMAL[chr7:1.74Mb]]"
BS_BAVHT9C7	FGFR1--TACC1	FGFR1	TACC1				"[ChimerSeq,ChimerKB,Cosmic,INTRACHROMOSOMAL[chr8:0.26Mb]]"
BS_BAVHT9C7	FGFR1--TACC1	FGFR1	TACC1				"[ChimerSeq,ChimerKB,Cosmic,INTRACHROMOSOMAL[chr8:0.26Mb]]"
BS_NZ3V41PF	KIAA1549--BRAF	KIAA1549	BRAF				"[Cosmic,ChimerPub,ChimerSeq,chimerdb_pubmed,ChimerKB,INTRACHROMOSOMAL[chr7:1.74Mb]]"
BS_3DE052QS	C11orf95--RELA	C11orf95	RELA				[INTRACHROMOSOMAL[chr11:1.88Mb]]
BS_AFG2EN7D	PITPNC1--PRKCA	PITPNC1	PRKCA				[INTRACHROMOSOMAL[chr17:0.57Mb]]
BS_PF5JDJJV	TFG--GPR128	TFG	GPR128				"[ChimerPub,GTEx,ChimerKB,Greger_Normal,ChimerSeq]"
BS_CM2MDESG	KIAA1549--BRAF	KIAA1549	BRAF				"[Cosmic,ChimerPub,ChimerSeq,chimerdb_pubmed,ChimerKB,INTRACHROMOSOMAL[chr7:1.74Mb]]"
BS_RSQJANXC	EWSR1--ETV1	EWSR1	ETV1				"[chimerdb_pubmed,ChimerKB,ChimerPub,chimerdb_omim,Cosmic,INTERCHROMOSOMAL[chr22--chr7]]"
BS_N2Z9GTB3	P2RY8--CRLF2	P2RY8	CRLF2				"[HGNC_GENEFAM,Mitelman,ChimerPub,INTRACHROMOSOMAL[chrX:0.25Mb]]"
BS_3Y6ZRHA0	RUNX1--ETV6	RUNX1	ETV6				"[chimerdb_omim,ChimerPub,ChimerKB,INTERCHROMOSOMAL[chr21--chr12]]"
BS_3Y6ZRHA0	ETV6--RUNX1	ETV6	RUNX1				"[Cosmic,chimerdb_omim,Mitelman,ChimerSeq,chimerdb_pubmed,ChimerKB,CCLE,INTERCHROMOSOMAL[chr12--chr21]]"
BS_F477Y9P9	ETV6--NTRK3	ETV6	NTRK3				"[chimerdb_omim,Larsson_TCGA,YOSHIHARA_TCGA,chimerdb_pubmed,HaasMedCancer,Cosmic,ChimerPub,ChimerSeq,ChimerKB,FA_CancerSupp,INTERCHROMOSOMAL[chr12--chr15]]"
BS_9P08S0VV	PKM--USP6	PKM	USP6				[INTERCHROMOSOMAL[chr15--chr17]]
BS_Q8PRWQZQ	TRIM24--MET	TRIM24	MET				[INTRACHROMOSOMAL[chr7:21.66Mb]]
BS_66G5NWZ7	SNRNP70--MET	SNRNP70	MET				[INTERCHROMOSOMAL[chr19--chr7]]
BS_H21YQR4B	KIAA1549--BRAF	KIAA1549	BRAF				"[Cosmic,ChimerPub,ChimerSeq,chimerdb_pubmed,ChimerKB,INTRACHROMOSOMAL[chr7:1.74Mb]]"
BS_7YEJ2B1T	EWSR1--ATF1	EWSR1	ATF1				"[ChimerSeq,ChimerKB,Cosmic,Mitelman,ChimerPub,INTERCHROMOSOMAL[chr22--chr12]]"
BS_6QTM8577	KIAA1549--BRAF	KIAA1549	BRAF				"[Cosmic,ChimerPub,ChimerSeq,chimerdb_pubmed,ChimerKB,INTRACHROMOSOMAL[chr7:1.74Mb]]"
BS_B4YEWQGD	KMT2A--MLLT3	KMT2A	MLLT3				"[ChimerPub,Mitelman,Cosmic,CCLE,ChimerKB,INTERCHROMOSOMAL[chr11--chr9]]"
BS_QSTKDM1Q	ETV6--RUNX1	ETV6	RUNX1				"[Cosmic,chimerdb_omim,Mitelman,ChimerSeq,chimerdb_pubmed,ChimerKB,CCLE,INTERCHROMOSOMAL[chr12--chr21]]"
BS_54E2NYWM	KIAA1549--BRAF	KIAA1549	BRAF				"[Cosmic,ChimerPub,ChimerSeq,chimerdb_pubmed,ChimerKB,INTRACHROMOSOMAL[chr7:1.74Mb]]"
BS_QX5ZY43J	TBL1XR1--PIK3CA	TBL1XR1	PIK3CA				"[YOSHIHARA_TCGA,ChimerSeq,FA_CancerSupp,INTRACHROMOSOMAL[chr3:1.92Mb]]"
BS_V429AAT3	KIAA1549--BRAF	KIAA1549	BRAF				"[Cosmic,ChimerPub,ChimerSeq,chimerdb_pubmed,ChimerKB,INTRACHROMOSOMAL[chr7:1.74Mb]]"
BS_CXCCGW8E	TFG--GPR128	TFG	GPR128				"[ChimerPub,GTEx,ChimerKB,Greger_Normal,ChimerSeq]"
BS_03D8KK86	KIAA1549--BRAF	KIAA1549	BRAF				"[Cosmic,ChimerPub,ChimerSeq,chimerdb_pubmed,ChimerKB,INTRACHROMOSOMAL[chr7:1.74Mb]]"
BS_ETT92GJF	ETV6--RUNX1	ETV6	RUNX1				"[Cosmic,chimerdb_omim,Mitelman,ChimerSeq,chimerdb_pubmed,ChimerKB,CCLE,INTERCHROMOSOMAL[chr12--chr21]]"
BS_WGC1DZYK	ETV6--RUNX1	ETV6	RUNX1				"[Cosmic,chimerdb_omim,Mitelman,ChimerSeq,chimerdb_pubmed,ChimerKB,CCLE,INTERCHROMOSOMAL[chr12--chr21]]"
BS_WGC1DZYK	RUNX1--ETV6	RUNX1	ETV6				"[chimerdb_omim,ChimerPub,ChimerKB,INTERCHROMOSOMAL[chr21--chr12]]"
BS_6J0TC1JS	ETV6--RUNX1	ETV6	RUNX1				"[Cosmic,chimerdb_omim,Mitelman,ChimerSeq,chimerdb_pubmed,ChimerKB,CCLE,INTERCHROMOSOMAL[chr12--chr21]]"
BS_95SYFDT7	ETV5--BCL6	ETV5	BCL6				[INTRACHROMOSOMAL[chr3:1.61Mb]]
BS_0DAAQ75Z	BRD4--LEUTX	BRD4	LEUTX				[INTRACHROMOSOMAL[chr19:24.44Mb]]
BS_C7FRTK6P	ETV6--RUNX1	ETV6	RUNX1				"[Cosmic,chimerdb_omim,Mitelman,ChimerSeq,chimerdb_pubmed,ChimerKB,CCLE,INTERCHROMOSOMAL[chr12--chr21]]"
BS_C7FRTK6P	P2RY8--CRLF2	P2RY8	CRLF2				"[HGNC_GENEFAM,Mitelman,ChimerPub,INTRACHROMOSOMAL[chrX:0.25Mb]]"
BS_XHXRM8YS	IGH--CRLF2	IGH	CRLF2				"[Mitelman,ChimerPub]"
BS_8MDN8KCP	PTPRZ1--MET	PTPRZ1	MET				"[ChimerPub,FA_CancerSupp,ChimerSeq,INTRACHROMOSOMAL[chr7:5.07Mb]]"
BS_JRP74F84	KIAA1549--BRAF	KIAA1549	BRAF				"[Cosmic,ChimerPub,ChimerSeq,chimerdb_pubmed,ChimerKB,INTRACHROMOSOMAL[chr7:1.74Mb]]"
BS_YRP28J6X	FGFR2--KIAA1598	FGFR2	KIAA1598				"[ChimerSeq,FA_CancerSupp]"
BS_WZKAFZ1T	KMT2A--MLLT3	KMT2A	MLLT3				"[ChimerPub,Mitelman,Cosmic,CCLE,ChimerKB,INTERCHROMOSOMAL[chr11--chr9]]"
BS_5Q9EDT8W	TPR--NTRK1	TPR	NTRK1				"[ChimerPub,HaasMedCancer,ChimerKB,INTRACHROMOSOMAL[chr1:29.43Mb]]"
BS_R0G2S8WH	KMT2A--KMT2A	KMT2A	KMT2A				"[SELFIE,[\ChimerKB\],INTRACHROMOSOMAL[chr11:0.09Mb],NEIGHBORS_OVERLAP:+:+:[90342]]"
BS_R0G2S8WH	TFG--GPR128	TFG	GPR128				"[ChimerPub,GTEx,ChimerKB,Greger_Normal,ChimerSeq]"
BS_1YMB70S6	EWSR1--ERG	EWSR1	ERG				"[chimerdb_omim,chimerdb_pubmed,CCLE,Mitelman,Cosmic,ChimerPub,ChimerSeq,ChimerKB,INTERCHROMOSOMAL[chr22--chr21]]"
BS_5MGAKGJA	KMT2A--MLLT6	KMT2A	MLLT6				"[ChimerKB,HGNC_GENEFAM,Mitelman,Cosmic,INTERCHROMOSOMAL[chr11--chr17]]"
BS_XD20PN3M	KIAA1549--BRAF	KIAA1549	BRAF				"[Cosmic,ChimerPub,ChimerSeq,chimerdb_pubmed,ChimerKB,INTRACHROMOSOMAL[chr7:1.74Mb]]"
BS_F01Y8VYV	KIAA1549--BRAF	KIAA1549	BRAF				"[Cosmic,ChimerPub,ChimerSeq,chimerdb_pubmed,ChimerKB,INTRACHROMOSOMAL[chr7:1.74Mb]]"
BS_PJ95BE63	TFG--GPR128	TFG	GPR128				"[ChimerPub,GTEx,ChimerKB,Greger_Normal,ChimerSeq]"
BS_6081G0SH	KMT2A--AFF1	KMT2A	AFF1				"[Cosmic,Mitelman,ChimerPub,ChimerSeq,CCLE,ChimerKB,INTERCHROMOSOMAL[chr11--chr4]]"
BS_WHNYFSKJ	KIAA1549--BRAF	KIAA1549	BRAF				"[Cosmic,ChimerPub,ChimerSeq,chimerdb_pubmed,ChimerKB,INTRACHROMOSOMAL[chr7:1.74Mb]]"
BS_3JNJA91B	CBFA2T3--GLIS2	CBFA2T3	GLIS2				"[CCLE,Cosmic,INTRACHROMOSOMAL[chr16:84.54Mb]]"
BS_VBHXJ9M6	RUNX1--RUNX1T1	RUNX1	RUNX1T1				"[Mitelman,FA_CancerSupp,ChimerSeq,ChimerKB,YOSHIHARA_TCGA,chimerdb_omim,Klijn_CellLines,chimerdb_pubmed,CCLE,INTERCHROMOSOMAL[chr21--chr8]]"
BS_02R0RSH8	KMT2A--ELL	KMT2A	ELL				"[ChimerKB,FA_CancerSupp,Mitelman,Cosmic,INTERCHROMOSOMAL[chr11--chr19]]"
BS_384CP6RG	BCR--ABL1	BCR	ABL1				"[chimerdb_pubmed,CCLE,Klijn_CellLines,chimerdb_omim,ChimerSeq,ChimerKB,FA_CancerSupp,Cosmic,Mitelman,ChimerPub,INTERCHROMOSOMAL[chr22--chr9]]"
BS_GN4KPT8N	MYB--GATA1	MYB	GATA1				"[Mitelman,ChimerPub,INTERCHROMOSOMAL[chr6--chrX]]"
BS_JQJNY4PQ	KMT2A--MLLT1	KMT2A	MLLT1				"[CCLE,ChimerKB,Cosmic,Mitelman,INTERCHROMOSOMAL[chr11--chr19]]"
BS_HEDCVFKC	HMGA2--NCOR2	HMGA2	NCOR2				[INTRACHROMOSOMAL[chr12:58.36Mb]]
BS_XQASH9X8	ETV6--RUNX1	ETV6	RUNX1				"[Cosmic,chimerdb_omim,Mitelman,ChimerSeq,chimerdb_pubmed,ChimerKB,CCLE,INTERCHROMOSOMAL[chr12--chr21]]"
BS_NVDRTFNN	MBNL1--BCL6	MBNL1	BCL6				"[GTEx,INTRACHROMOSOMAL[chr3:35.26Mb]]"
BS_GZVXKJ7Q	KMT2A--AFF1	KMT2A	AFF1				"[Cosmic,Mitelman,ChimerPub,ChimerSeq,CCLE,ChimerKB,INTERCHROMOSOMAL[chr11--chr4]]"
BS_V62FBEZ3	TPM3--NTRK1	TPM3	NTRK1				"[HaasMedCancer,Klijn_CellLines,chimerdb_pubmed,CCLE,FA_CancerSupp,ChimerKB,ChimerSeq,ChimerPub,Cosmic,INTRACHROMOSOMAL[chr1:2.62Mb]]"
BS_2RGFY8JF	EWSR1--FLI1	EWSR1	FLI1				"[CCLE,Klijn_CellLines,ChimerKB,ChimerSeq,FA_CancerSupp,ChimerPub,Mitelman,Cosmic,INTERCHROMOSOMAL[chr22--chr11]]"
BS_P46TYM27	ETV6--RUNX1	ETV6	RUNX1				"[Cosmic,chimerdb_omim,Mitelman,ChimerSeq,chimerdb_pubmed,ChimerKB,CCLE,INTERCHROMOSOMAL[chr12--chr21]]"
BS_P46TYM27	RUNX1--URB1	RUNX1	URB1				[INTRACHROMOSOMAL[chr21:2.39Mb]]
BS_Y2F7EE4K	EML4--ALK	EML4	ALK				"[ChimerPub,Cosmic,ChimerKB,ChimerSeq,FA_CancerSupp,YOSHIHARA_TCGA,CCLE,chimerdb_pubmed,HaasMedCancer,Klijn_CellLines,INTRACHROMOSOMAL[chr2:12.25Mb]]"
BS_WKD7S669	CBFA2T3--GLIS2	CBFA2T3	GLIS2				"[CCLE,Cosmic,INTRACHROMOSOMAL[chr16:84.54Mb]]"
BS_2GZP21DB	TFG--MET	TFG	MET				"[HaasMedCancer,ChimerSeq,INTERCHROMOSOMAL[chr3--chr7]]"
BS_2VF0XYPM	KMT2A--MLLT3	KMT2A	MLLT3				"[ChimerPub,Mitelman,Cosmic,CCLE,ChimerKB,INTERCHROMOSOMAL[chr11--chr9]]"
BS_MEHK6P0P	NUP98--NSD1	NUP98	NSD1				"[chimerdb_omim,Mitelman,ChimerPub,FA_CancerSupp,ChimerSeq,ChimerKB,chimerdb_pubmed,INTERCHROMOSOMAL[chr11--chr5]]"
BS_H8V199HJ	SPECC1L--NTRK3	SPECC1L	NTRK3				[INTERCHROMOSOMAL[chr22--chr15]]
BS_3T9WQG94	SET--NUP214	SET	NUP214				"[ChimerPub,chimerdb_omim,Cosmic,Mitelman,ChimerKB,chimerdb_pubmed,CCLE,INTRACHROMOSOMAL[chr9:2.43Mb]]"
BS_83FDRPN3	CBFA2T3--GLIS2	CBFA2T3	GLIS2				"[CCLE,Cosmic,INTRACHROMOSOMAL[chr16:84.54Mb]]"
BS_AHJ276QN	EBF1--PDGFRB	EBF1	PDGFRB				"[Mitelman,ChimerSeq,INTRACHROMOSOMAL[chr5:8.54Mb]]"
BS_5VQGQDD8	KIAA1549--BRAF	KIAA1549	BRAF				"[Cosmic,ChimerPub,ChimerSeq,chimerdb_pubmed,ChimerKB,INTRACHROMOSOMAL[chr7:1.74Mb]]"
BS_EM3N5EPR	KIAA1549--BRAF	KIAA1549	BRAF				"[Cosmic,ChimerPub,ChimerSeq,chimerdb_pubmed,ChimerKB,INTRACHROMOSOMAL[chr7:1.74Mb]]"
BS_QGHDYRYS	KMT2A--MLLT3	KMT2A	MLLT3				"[ChimerPub,Mitelman,Cosmic,CCLE,ChimerKB,INTERCHROMOSOMAL[chr11--chr9]]"
BS_64N8DEHG	ETV6--RUNX1	ETV6	RUNX1				"[Cosmic,chimerdb_omim,Mitelman,ChimerSeq,chimerdb_pubmed,ChimerKB,CCLE,INTERCHROMOSOMAL[chr12--chr21]]"
BS_1F58T7MG	TFG--GPR128	TFG	GPR128				"[ChimerPub,GTEx,ChimerKB,Greger_Normal,ChimerSeq]"
BS_BHY8AB76	BCR--ABL1	BCR	ABL1				"[chimerdb_pubmed,CCLE,Klijn_CellLines,chimerdb_omim,ChimerSeq,ChimerKB,FA_CancerSupp,Cosmic,Mitelman,ChimerPub,INTERCHROMOSOMAL[chr22--chr9]]"
BS_0SJWJ2VF	KMT2A--MLLT10	KMT2A	MLLT10				"[Mitelman,Cosmic,HGNC_GENEFAM,ChimerKB,ChimerSeq,INTERCHROMOSOMAL[chr11--chr10]]"
BS_G9JAJSQG	ETV6--RUNX1	ETV6	RUNX1				"[Cosmic,chimerdb_omim,Mitelman,ChimerSeq,chimerdb_pubmed,ChimerKB,CCLE,INTERCHROMOSOMAL[chr12--chr21]]"
BS_6N1WX5S7	KIAA1549--BRAF	KIAA1549	BRAF				"[Cosmic,ChimerPub,ChimerSeq,chimerdb_pubmed,ChimerKB,INTRACHROMOSOMAL[chr7:1.74Mb]]"
BS_TEADB60E	ETV6--RUNX1	ETV6	RUNX1				"[Cosmic,chimerdb_omim,Mitelman,ChimerSeq,chimerdb_pubmed,ChimerKB,CCLE,INTERCHROMOSOMAL[chr12--chr21]]"
BS_SPN6T953	TCF3--PBX1	TCF3	PBX1				"[ChimerPub,Mitelman,Cosmic,chimerdb_pubmed,CCLE,ChimerKB,ChimerSeq,INTERCHROMOSOMAL[chr19--chr1]]"
BS_B1Y3T2TS	KIAA1549--BRAF	KIAA1549	BRAF				"[Cosmic,ChimerPub,ChimerSeq,chimerdb_pubmed,ChimerKB,INTRACHROMOSOMAL[chr7:1.74Mb]]"
BS_3S713Z0Q	RUNX1--CBR3	RUNX1	CBR3				[INTRACHROMOSOMAL[chr21:0.13Mb]]
BS_ME2Z7BP2	FILIP1L--USP6	FILIP1L	USP6				[INTERCHROMOSOMAL[chr3--chr17]]
BS_R96P5GZ6	MBNL1--BCL6	MBNL1	BCL6				"[GTEx,INTRACHROMOSOMAL[chr3:35.26Mb]]"
BS_Q73GKFAQ	KMT2A--MLLT1	KMT2A	MLLT1				"[CCLE,ChimerKB,Cosmic,Mitelman,INTERCHROMOSOMAL[chr11--chr19]]"
BS_0ZPC12J7	KIAA1549--BRAF	KIAA1549	BRAF				"[Cosmic,ChimerPub,ChimerSeq,chimerdb_pubmed,ChimerKB,INTRACHROMOSOMAL[chr7:1.74Mb]]"
BS_J9JFMNEA	ETV6--RUNX1	ETV6	RUNX1				"[Cosmic,chimerdb_omim,Mitelman,ChimerSeq,chimerdb_pubmed,ChimerKB,CCLE,INTERCHROMOSOMAL[chr12--chr21]]"
BS_JDZD619N	KIAA1549--BRAF	KIAA1549	BRAF				"[Cosmic,ChimerPub,ChimerSeq,chimerdb_pubmed,ChimerKB,INTRACHROMOSOMAL[chr7:1.74Mb]]"
BS_HNBH9HW9	STRN--ALK	STRN	ALK				"[FA_CancerSupp,HaasMedCancer,ChimerSeq,ChimerKB,Cosmic,ChimerPub,INTRACHROMOSOMAL[chr2:6.92Mb]]"
BS_SQR8P0TR	KMT2A--MLLT1	KMT2A	MLLT1				"[CCLE,ChimerKB,Cosmic,Mitelman,INTERCHROMOSOMAL[chr11--chr19]]"
BS_KGP4KYYS	LIFR--TERT	LIFR	TERT				[INTRACHROMOSOMAL[chr5:37.18Mb]]
BS_Z7Y12BZC	C11orf95--NCOA2	C11orf95	NCOA2				[INTERCHROMOSOMAL[chr11--chr8]]
BS_8AKQ9XZH	KCTD16--NTRK2	KCTD16	NTRK2				[INTERCHROMOSOMAL[chr5--chr9]]
BS_M07VS4K2	TFG--ROS1	TFG	ROS1				"[ChimerPub,INTERCHROMOSOMAL[chr3--chr6]]"
BS_8KEV8HDE	C11orf95--RELA	C11orf95	RELA				[INTRACHROMOSOMAL[chr11:1.88Mb]]
BS_JRY5R8VB	CAPZA2--MET	CAPZA2	MET				"[YOSHIHARA_TCGA,Klijn_CellLines,CCLE,ChimerSeq,INTRACHROMOSOMAL[chr7:0.01Mb],LOCAL_REARRANGEMENT:+:[12684]]"
BS_5TZ77K7G	KIAA1549--BRAF	KIAA1549	BRAF				"[Cosmic,ChimerPub,ChimerSeq,chimerdb_pubmed,ChimerKB,INTRACHROMOSOMAL[chr7:1.74Mb]]"
BS_K5QNZHG2	OPTN--BRAF	OPTN	BRAF				[INTERCHROMOSOMAL[chr10--chr7]]
BS_KZ615HBJ	FGFR1--TACC1	FGFR1	TACC1				"[ChimerSeq,ChimerKB,Cosmic,INTRACHROMOSOMAL[chr8:0.26Mb]]"
BS_A04T3EY0	BCR--ABL1	BCR	ABL1				"[chimerdb_pubmed,CCLE,Klijn_CellLines,chimerdb_omim,ChimerSeq,ChimerKB,FA_CancerSupp,Cosmic,Mitelman,ChimerPub,INTERCHROMOSOMAL[chr22--chr9]]"
BS_FPS9WN53	TRIM24--NTRK2	TRIM24	NTRK2				"[ChimerSeq,INTERCHROMOSOMAL[chr7--chr9]]"
BS_Q35NMDBH	KIAA1549--BRAF	KIAA1549	BRAF				"[Cosmic,ChimerPub,ChimerSeq,chimerdb_pubmed,ChimerKB,INTRACHROMOSOMAL[chr7:1.74Mb]]"
BS_10Z4QJA8	FGFR2--INA	FGFR2	INA				[INTRACHROMOSOMAL[chr10:18.19Mb]]
BS_1M3M7TGY	KMT2A--AFF1	KMT2A	AFF1				"[Cosmic,Mitelman,ChimerPub,ChimerSeq,CCLE,ChimerKB,INTERCHROMOSOMAL[chr11--chr4]]"
BS_49GXRKB1	KMT2A--USP2	KMT2A	USP2				"[ChimerKB,INTRACHROMOSOMAL[chr11:0.83Mb]]"
BS_6WYRSJCK	EWSR1--CREB1	EWSR1	CREB1				"[ChimerPub,Mitelman,Cosmic,chimerdb_pubmed,ChimerKB,INTERCHROMOSOMAL[chr22--chr2]]"
BS_AX5HFN8M	STRN3--NTRK3	STRN3	NTRK3				[INTERCHROMOSOMAL[chr14--chr15]]
BS_3X0C3B98	RIN2--BRAF	RIN2	BRAF				[INTERCHROMOSOMAL[chr20--chr7]]
BS_PFADK7HP	KIAA1549--BRAF	KIAA1549	BRAF				"[Cosmic,ChimerPub,ChimerSeq,chimerdb_pubmed,ChimerKB,INTRACHROMOSOMAL[chr7:1.74Mb]]"
BS_2RSG4S3T	NPM1--ALK	NPM1	ALK				"[ChimerKB,ChimerSeq,ChimerPub,Mitelman,Cosmic,CCLE,chimerdb_pubmed,Klijn_CellLines,chimerdb_omim,INTERCHROMOSOMAL[chr5--chr2]]"
BS_3NR4RZWA	TFG--GPR128	TFG	GPR128				"[ChimerPub,GTEx,ChimerKB,Greger_Normal,ChimerSeq]"
BS_YQ2455PK	KMT2A--MLLT10	KMT2A	MLLT10				"[Mitelman,Cosmic,HGNC_GENEFAM,ChimerKB,ChimerSeq,INTERCHROMOSOMAL[chr11--chr10]]"
BS_JRA090H1	KIAA1549--BRAF	KIAA1549	BRAF				"[Cosmic,ChimerPub,ChimerSeq,chimerdb_pubmed,ChimerKB,INTRACHROMOSOMAL[chr7:1.74Mb]]"
BS_3RNPMRT5	KIAA1549--BRAF	KIAA1549	BRAF				"[Cosmic,ChimerPub,ChimerSeq,chimerdb_pubmed,ChimerKB,INTRACHROMOSOMAL[chr7:1.74Mb]]"
BS_YKEK4YWT	C11orf95--RELA	C11orf95	RELA				[INTRACHROMOSOMAL[chr11:1.88Mb]]
BS_1PJNHRVK	LPP--BCL6	LPP	BCL6				"[GTEx,Mitelman,INTRACHROMOSOMAL[chr3:0.41Mb]]"
BS_1PJNHRVK	NR3C1--ARHGAP26	NR3C1	ARHGAP26				"[Klijn_CellLines,INTRACHROMOSOMAL[chr5:0.05Mb],LOCAL_INVERSION:-:+:[48920]]"
BS_2SZXYX72	KIAA1549--BRAF	KIAA1549	BRAF				"[Cosmic,ChimerPub,ChimerSeq,chimerdb_pubmed,ChimerKB,INTRACHROMOSOMAL[chr7:1.74Mb]]"
BS_FKJB6XAY	PPP1CB--ALK	PPP1CB	ALK				[INTRACHROMOSOMAL[chr2:0.39Mb]]
BS_9E13A1V4	P2RY8--CRLF2	P2RY8	CRLF2				"[HGNC_GENEFAM,Mitelman,ChimerPub,INTRACHROMOSOMAL[chrX:0.25Mb]]"
BS_6E3DP8JQ	ETV6--NTRK3	ETV6	NTRK3				"[chimerdb_omim,Larsson_TCGA,YOSHIHARA_TCGA,chimerdb_pubmed,HaasMedCancer,Cosmic,ChimerPub,ChimerSeq,ChimerKB,FA_CancerSupp,INTERCHROMOSOMAL[chr12--chr15]]"
BS_NFJ4WJET	RBM15--MKL1	RBM15	MKL1				"[ChimerKB,chimerdb_pubmed,ChimerSeq,ChimerPub,chimerdb_omim,Mitelman,INTERCHROMOSOMAL[chr1--chr22]]"
BS_5G9R3W7D	KIAA1549--BRAF	KIAA1549	BRAF				"[Cosmic,ChimerPub,ChimerSeq,chimerdb_pubmed,ChimerKB,INTRACHROMOSOMAL[chr7:1.74Mb]]"
BS_SZP0QKC0	EPOR--IGHG1	EPOR	IGHG1				[INTERCHROMOSOMAL[chr19--chr14]]
BS_QE3PPHEA	KMT2A--MLLT3	KMT2A	MLLT3				"[ChimerPub,Mitelman,Cosmic,CCLE,ChimerKB,INTERCHROMOSOMAL[chr11--chr9]]"
BS_ZKGXVT4C	KIAA1549--BRAF	KIAA1549	BRAF				"[Cosmic,ChimerPub,ChimerSeq,chimerdb_pubmed,ChimerKB,INTRACHROMOSOMAL[chr7:1.74Mb]]"
BS_QPEM4R0A	KIAA1549--BRAF	KIAA1549	BRAF				"[Cosmic,ChimerPub,ChimerSeq,chimerdb_pubmed,ChimerKB,INTRACHROMOSOMAL[chr7:1.74Mb]]"
BS_CD3ZTRKT	ETV6--NTRK3	ETV6	NTRK3				"[chimerdb_omim,Larsson_TCGA,YOSHIHARA_TCGA,chimerdb_pubmed,HaasMedCancer,Cosmic,ChimerPub,ChimerSeq,ChimerKB,FA_CancerSupp,INTERCHROMOSOMAL[chr12--chr15]]"
BS_3NZ43CKW	SQSTM1--NTRK3	SQSTM1	NTRK3				"[HaasMedCancer,INTERCHROMOSOMAL[chr5--chr15]]"
BS_B7X6CHSD	ETV6--NTRK3	ETV6	NTRK3				"[chimerdb_omim,Larsson_TCGA,YOSHIHARA_TCGA,chimerdb_pubmed,HaasMedCancer,Cosmic,ChimerPub,ChimerSeq,ChimerKB,FA_CancerSupp,INTERCHROMOSOMAL[chr12--chr15]]"
BS_W1EMBRBQ	P2RY8--CRLF2	P2RY8	CRLF2				"[HGNC_GENEFAM,Mitelman,ChimerPub,INTRACHROMOSOMAL[chrX:0.25Mb]]"
BS_18ARG9JQ	RUFY2--RET	RUFY2	RET				"[ChimerPub,INTRACHROMOSOMAL[chr10:25.21Mb]]"
BS_K7HBDY7X	KIAA1549--BRAF	KIAA1549	BRAF				"[Cosmic,ChimerPub,ChimerSeq,chimerdb_pubmed,ChimerKB,INTRACHROMOSOMAL[chr7:1.74Mb]]"
BS_VGQVV0M9	KMT2A--MLLT6	KMT2A	MLLT6				"[ChimerKB,HGNC_GENEFAM,Mitelman,Cosmic,INTERCHROMOSOMAL[chr11--chr17]]"
BS_TK4YJ5AM	PPFIBP1--ALK	PPFIBP1	ALK				"[ChimerPub,Cosmic,ChimerKB,ChimerSeq,INTERCHROMOSOMAL[chr12--chr2]]"
BS_E2VFCQF7	KIAA1549--BRAF	KIAA1549	BRAF				"[Cosmic,ChimerPub,ChimerSeq,chimerdb_pubmed,ChimerKB,INTRACHROMOSOMAL[chr7:1.74Mb]]"
BS_S21QTJGH	KIAA1549--BRAF	KIAA1549	BRAF				"[Cosmic,ChimerPub,ChimerSeq,chimerdb_pubmed,ChimerKB,INTRACHROMOSOMAL[chr7:1.74Mb]]"
BS_TPFF7BZ1	ZNF618--NUTM1	ZNF618	NUTM1				[INTERCHROMOSOMAL[chr9--chr15]]
BS_JR0BT8A5	EWSR1--FLI1	EWSR1	FLI1				"[CCLE,Klijn_CellLines,ChimerKB,ChimerSeq,FA_CancerSupp,ChimerPub,Mitelman,Cosmic,INTERCHROMOSOMAL[chr22--chr11]]"
BS_3CYYQHE1	PICALM--MLLT10	PICALM	MLLT10				"[Mitelman,ChimerPub,YOSHIHARA_TCGA,ChimerSeq,ChimerKB,CCLE,Klijn_CellLines,INTERCHROMOSOMAL[chr11--chr10]]"
BS_643G4VR8	PML--RARA	PML	RARA				"[YOSHIHARA_TCGA,chimerdb_omim,chimerdb_pubmed,CCLE,Cosmic,Mitelman,ChimerPub,FA_CancerSupp,ChimerSeq,ChimerKB,INTERCHROMOSOMAL[chr15--chr17]]"
BS_547ZPRTX	SET--NUP214	SET	NUP214				"[ChimerPub,chimerdb_omim,Cosmic,Mitelman,ChimerKB,chimerdb_pubmed,CCLE,INTRACHROMOSOMAL[chr9:2.43Mb]]"
BS_FCW2QKPY	CCDC6--RET	CCDC6	RET				"[ChimerSeq,ChimerKB,FA_CancerSupp,Cosmic,Mitelman,ChimerPub,HaasMedCancer,Larsson_TCGA,YOSHIHARA_TCGA,INTRACHROMOSOMAL[chr10:16.66Mb]]"
BS_AH9FHVFQ	RUNX1--RUNX1T1	RUNX1	RUNX1T1				"[Mitelman,FA_CancerSupp,ChimerSeq,ChimerKB,YOSHIHARA_TCGA,chimerdb_omim,Klijn_CellLines,chimerdb_pubmed,CCLE,INTERCHROMOSOMAL[chr21--chr8]]"
BS_XH8RH1XM	VIM--CSF1R	VIM	CSF1R				[INTERCHROMOSOMAL[chr10--chr5]]
BS_VCKWSMTA	KIAA1549--BRAF	KIAA1549	BRAF				"[Cosmic,ChimerPub,ChimerSeq,chimerdb_pubmed,ChimerKB,INTRACHROMOSOMAL[chr7:1.74Mb]]"
BS_4JN5WWX9	KIAA1549--BRAF	KIAA1549	BRAF				"[Cosmic,ChimerPub,ChimerSeq,chimerdb_pubmed,ChimerKB,INTRACHROMOSOMAL[chr7:1.74Mb]]"
BS_03XEXKME	YWHAE--NUTM2B	YWHAE	NUTM2B				"[ChimerKB,Cosmic,ChimerPub,INTERCHROMOSOMAL[chr17--chr10]]"
BS_AEPFMP61	KIAA1549--BRAF	KIAA1549	BRAF				"[Cosmic,ChimerPub,ChimerSeq,chimerdb_pubmed,ChimerKB,INTRACHROMOSOMAL[chr7:1.74Mb]]"
BS_B4W2FC5F	STIL--TAL1	STIL	TAL1				"[ConjoinG,Cosmic,Mitelman,chimerdb_pubmed,ChimerKB,INTRACHROMOSOMAL[chr1:0.02Mb],NEIGHBORS[17919]]"
BS_ZP6JNHT3	PAX7--FOXO1	PAX7	FOXO1				"[chimerdb_pubmed,ChimerKB,ChimerSeq,ChimerPub,Mitelman,chimerdb_omim,Cosmic,INTERCHROMOSOMAL[chr1--chr13]]"
BS_TNFDFFR2	ETV6--RUNX1	ETV6	RUNX1				"[Cosmic,chimerdb_omim,Mitelman,ChimerSeq,chimerdb_pubmed,ChimerKB,CCLE,INTERCHROMOSOMAL[chr12--chr21]]"
BS_0TN4ABA8	ADCK4--NUMBL	ADCK4	NUMBL				[Babiceanu_Normal]
BS_1GEVH8SJ	EWSR1--FLI1	EWSR1	FLI1				"[CCLE,Klijn_CellLines,ChimerKB,ChimerSeq,FA_CancerSupp,ChimerPub,Mitelman,Cosmic,INTERCHROMOSOMAL[chr22--chr11]]"
BS_2FRSBDVX	CRKL--RAF1	CRKL	RAF1				[INTERCHROMOSOMAL[chr22--chr3]]
BS_2FRSBDVX	RAF1--CRKL	RAF1	CRKL				[INTERCHROMOSOMAL[chr3--chr22]]
BS_2PEY9Y3X	KIAA1549--BRAF	KIAA1549	BRAF				"[Cosmic,ChimerPub,ChimerSeq,chimerdb_pubmed,ChimerKB,INTRACHROMOSOMAL[chr7:1.74Mb]]"
BS_2WD073MX	ETV6--PTCD1	ETV6	PTCD1				[INTERCHROMOSOMAL[chr12--chr7]]
BS_3MP03QK2	KIAA1549--BRAF	KIAA1549	BRAF				"[Cosmic,ChimerPub,ChimerSeq,chimerdb_pubmed,ChimerKB,INTRACHROMOSOMAL[chr7:1.74Mb]]"
BS_3VQFEN39	MALAT1--GLI1	MALAT1	GLI1				"[HaasMedCancer,INTERCHROMOSOMAL[chr11--chr12]]"
BS_3VQFEN39	HMGA2--MSRB3	HMGA2	MSRB3				"[FA_CancerSupp,CCLE,INTRACHROMOSOMAL[chr12:0.34Mb]]"
BS_W6KTNJBM	EWSR1--FLI1	EWSR1	FLI1				"[CCLE,Klijn_CellLines,ChimerKB,ChimerSeq,FA_CancerSupp,ChimerPub,Mitelman,Cosmic,INTERCHROMOSOMAL[chr22--chr11]]"
BS_CGN9W4GJ	ERC1--RET	ERC1	RET				"[YOSHIHARA_TCGA,Cosmic,chimerdb_omim,Larsson_TCGA,HaasMedCancer,ChimerKB,ChimerSeq,INTERCHROMOSOMAL[chr12--chr10]]"
BS_5GSFVQ98	KMT2E--MET	KMT2E	MET				[INTRACHROMOSOMAL[chr7:11.56Mb]]
BS_DTXY52GG	RUNX1--DSCR10	RUNX1	DSCR10				[INTRACHROMOSOMAL[chr21:2.20Mb]]
BS_K4M88G0Y	KIAA1549--BRAF	KIAA1549	BRAF				"[Cosmic,ChimerPub,ChimerSeq,chimerdb_pubmed,ChimerKB,INTRACHROMOSOMAL[chr7:1.74Mb]]"
BS_THJNRGK6	KIAA1549--BRAF	KIAA1549	BRAF				"[Cosmic,ChimerPub,ChimerSeq,chimerdb_pubmed,ChimerKB,INTRACHROMOSOMAL[chr7:1.74Mb]]"
BS_WF6XD83K	KIAA1549--BRAF	KIAA1549	BRAF				"[Cosmic,ChimerPub,ChimerSeq,chimerdb_pubmed,ChimerKB,INTRACHROMOSOMAL[chr7:1.74Mb]]"
BS_WC096WYV	KIAA1549--BRAF	KIAA1549	BRAF				"[Cosmic,ChimerPub,ChimerSeq,chimerdb_pubmed,ChimerKB,INTRACHROMOSOMAL[chr7:1.74Mb]]"
BS_Y5F08V7Z	KIAA1549--BRAF	KIAA1549	BRAF				"[Cosmic,ChimerPub,ChimerSeq,chimerdb_pubmed,ChimerKB,INTRACHROMOSOMAL[chr7:1.74Mb]]"
BS_Y5F08V7Z	TFG--GPR128	TFG	GPR128				"[ChimerPub,GTEx,ChimerKB,Greger_Normal,ChimerSeq]"
BS_ZM1SF5T1	DCTN1--ALK	DCTN1	ALK				"[ChimerPub,Cosmic,ChimerKB,ChimerSeq,INTRACHROMOSOMAL[chr2:44.44Mb]]"
BS_9PJS4J9E	TFG--GPR128	TFG	GPR128				"[ChimerPub,GTEx,ChimerKB,Greger_Normal,ChimerSeq]"
BS_7CPZ4D6Y	ETV6--RUNX1	ETV6	RUNX1				"[Cosmic,chimerdb_omim,Mitelman,ChimerSeq,chimerdb_pubmed,ChimerKB,CCLE,INTERCHROMOSOMAL[chr12--chr21]]"
BS_HWCMYANE	KIAA1549--BRAF	KIAA1549	BRAF				"[Cosmic,ChimerPub,ChimerSeq,chimerdb_pubmed,ChimerKB,INTRACHROMOSOMAL[chr7:1.74Mb]]"
BS_H2KQ9N7E	GNAI1--BRAF	GNAI1	BRAF				"[ChimerKB,Cosmic,INTRACHROMOSOMAL[chr7:60.50Mb]]"
BS_7K0S0P7N	KANK1--NTRK2	KANK1	NTRK2				[INTRACHROMOSOMAL[chr9:83.92Mb]]
BS_90NXV63H	TFG--ADGRG7	TFG	ADGRG7				"[FA_CancerSupp,ChimerSeq,INTRACHROMOSOMAL[chr3:0.01Mb],LOCAL_REARRANGEMENT:+:[13852]]"
BS_614SHB8R	KIAA1549--BRAF	KIAA1549	BRAF				"[Cosmic,ChimerPub,ChimerSeq,chimerdb_pubmed,ChimerKB,INTRACHROMOSOMAL[chr7:1.74Mb]]"
BS_6FCA7BJ2	QKI--RAF1	QKI	RAF1				[INTERCHROMOSOMAL[chr6--chr3]]
BS_KXT2JPE2	KIAA1549--BRAF	KIAA1549	BRAF				"[Cosmic,ChimerPub,ChimerSeq,chimerdb_pubmed,ChimerKB,INTRACHROMOSOMAL[chr7:1.74Mb]]"
BS_HQ7C5E3D	ATP5L--KMT2A	ATP5L	KMT2A				"[INTRACHROMOSOMAL[chr11:0.00Mb],NEIGHBORS[4994]]"
BS_Q5QWEKVP	KIAA1549--BRAF	KIAA1549	BRAF				"[Cosmic,ChimerPub,ChimerSeq,chimerdb_pubmed,ChimerKB,INTRACHROMOSOMAL[chr7:1.74Mb]]"
BS_VP1W70ZV	FGFR2--SOGA1	FGFR2	SOGA1				[INTERCHROMOSOMAL[chr10--chr20]]
BS_EW9QPBWT	COL1A1--USP6	COL1A1	USP6				"[ChimerKB,chimerdb_pubmed,ChimerSeq,Cosmic,INTRACHROMOSOMAL[chr17:45.01Mb]]"
BS_ZCNRWXQ0	KIAA1549--BRAF	KIAA1549	BRAF				"[Cosmic,ChimerPub,ChimerSeq,chimerdb_pubmed,ChimerKB,INTRACHROMOSOMAL[chr7:1.74Mb]]"
BS_S50ARG81	KIAA1549--BRAF	KIAA1549	BRAF				"[Cosmic,ChimerPub,ChimerSeq,chimerdb_pubmed,ChimerKB,INTRACHROMOSOMAL[chr7:1.74Mb]]"
BS_FZJYF57K	KIAA1549--BRAF	KIAA1549	BRAF				"[Cosmic,ChimerPub,ChimerSeq,chimerdb_pubmed,ChimerKB,INTRACHROMOSOMAL[chr7:1.74Mb]]"
BS_BCWFRX8D	KIAA1549--BRAF	KIAA1549	BRAF				"[Cosmic,ChimerPub,ChimerSeq,chimerdb_pubmed,ChimerKB,INTRACHROMOSOMAL[chr7:1.74Mb]]"
BS_99CQWD5N	BCR--ABL1	BCR	ABL1				"[chimerdb_pubmed,CCLE,Klijn_CellLines,chimerdb_omim,ChimerSeq,ChimerKB,FA_CancerSupp,Cosmic,Mitelman,ChimerPub,INTERCHROMOSOMAL[chr22--chr9]]"
BS_99CQWD5N	ABL1--BCR	ABL1	BCR				"[chimerdb_omim,YOSHIHARA_TCGA,chimerdb_pubmed,CCLE,Klijn_CellLines,ChimerPub,ChimerSeq,ChimerKB,FA_CancerSupp,INTERCHROMOSOMAL[chr9--chr22]]"
BS_PR6Q0EEQ	KIAA1549--BRAF	KIAA1549	BRAF				"[Cosmic,ChimerPub,ChimerSeq,chimerdb_pubmed,ChimerKB,INTRACHROMOSOMAL[chr7:1.74Mb]]"
BS_FC74DGPX	CIC--DUX4	CIC	DUX4				"[Mitelman,chimerdb_pubmed,ChimerKB,INTERCHROMOSOMAL[chr19--chr4]]"
BS_Q80SZDZS	KMT2A--MLLT10	KMT2A	MLLT10				"[Mitelman,Cosmic,HGNC_GENEFAM,ChimerKB,ChimerSeq,INTERCHROMOSOMAL[chr11--chr10]]"
BS_XVMYD065	KIAA1549--BRAF	KIAA1549	BRAF				"[Cosmic,ChimerPub,ChimerSeq,chimerdb_pubmed,ChimerKB,INTRACHROMOSOMAL[chr7:1.74Mb]]"
BS_QK85RWGK	KIAA1549--BRAF	KIAA1549	BRAF				"[Cosmic,ChimerPub,ChimerSeq,chimerdb_pubmed,ChimerKB,INTRACHROMOSOMAL[chr7:1.74Mb]]"
BS_QD2AZRR0	KIAA1549--BRAF	KIAA1549	BRAF				"[Cosmic,ChimerPub,ChimerSeq,chimerdb_pubmed,ChimerKB,INTRACHROMOSOMAL[chr7:1.74Mb]]"
BS_RKKEPMBN	KIAA1549--BRAF	KIAA1549	BRAF				"[Cosmic,ChimerPub,ChimerSeq,chimerdb_pubmed,ChimerKB,INTRACHROMOSOMAL[chr7:1.74Mb]]"
BS_4CADZHM6	LPP--BCL6	LPP	BCL6				"[GTEx,Mitelman,INTRACHROMOSOMAL[chr3:0.41Mb]]"
BS_E8EFACMN	KIAA1549--BRAF	KIAA1549	BRAF				"[Cosmic,ChimerPub,ChimerSeq,chimerdb_pubmed,ChimerKB,INTRACHROMOSOMAL[chr7:1.74Mb]]"
BS_SXR87VVV	KIAA1549--BRAF	KIAA1549	BRAF				"[Cosmic,ChimerPub,ChimerSeq,chimerdb_pubmed,ChimerKB,INTRACHROMOSOMAL[chr7:1.74Mb]]"
BS_6ERCW6P5	KIAA1549--BRAF	KIAA1549	BRAF				"[Cosmic,ChimerPub,ChimerSeq,chimerdb_pubmed,ChimerKB,INTRACHROMOSOMAL[chr7:1.74Mb]]"
BS_MF0AZF2A	KIAA1549--BRAF	KIAA1549	BRAF				"[Cosmic,ChimerPub,ChimerSeq,chimerdb_pubmed,ChimerKB,INTRACHROMOSOMAL[chr7:1.74Mb]]"
BS_JFKESZ0A	KIAA1549--BRAF	KIAA1549	BRAF				"[Cosmic,ChimerPub,ChimerSeq,chimerdb_pubmed,ChimerKB,INTRACHROMOSOMAL[chr7:1.74Mb]]"
BS_P0FMD14Y	KIAA1549--BRAF	KIAA1549	BRAF				"[Cosmic,ChimerPub,ChimerSeq,chimerdb_pubmed,ChimerKB,INTRACHROMOSOMAL[chr7:1.74Mb]]"
BS_RR4N5HYZ	MYB--QKI	MYB	QKI				"[ChimerPub,INTRACHROMOSOMAL[chr6:28.19Mb]]"
BS_9S10XFGA	SYN2--PPARG	SYN2	PPARG				"[GTEx,INTRACHROMOSOMAL[chr3:0.10Mb],NEIGHBORS[95968]]"
BS_547ZPRTX	EWSR1--FLI1	EWSR1	FLI1				"[CCLE,Klijn_CellLines,ChimerKB,ChimerSeq,FA_CancerSupp,ChimerPub,Mitelman,Cosmic,INTERCHROMOSOMAL[chr22--chr11]]"
BS_8B4H127B	ETV6--MECOM	ETV6	MECOM				"[Mitelman,chimerdb_pubmed,ChimerKB,INTERCHROMOSOMAL[chr12--chr3]]"
BS_ZDFZZCHT	CEP85L--ROS1	CEP85L	ROS1				[INTRACHROMOSOMAL[chr6:1.03Mb]]
BS_6W5NPPK8	ETV6--NTRK3	ETV6	NTRK3				"[chimerdb_omim,Larsson_TCGA,YOSHIHARA_TCGA,chimerdb_pubmed,HaasMedCancer,Cosmic,ChimerPub,ChimerSeq,ChimerKB,FA_CancerSupp,INTERCHROMOSOMAL[chr12--chr15]]"
BS_77FWJDJY	ETV6--RUNX1	ETV6	RUNX1				"[Cosmic,chimerdb_omim,Mitelman,ChimerSeq,chimerdb_pubmed,ChimerKB,CCLE,INTERCHROMOSOMAL[chr12--chr21]]"
BS_77FWJDJY	RUNX1--ETV6	RUNX1	ETV6				"[chimerdb_omim,ChimerPub,ChimerKB,INTERCHROMOSOMAL[chr21--chr12]]"
BS_NQ97XYXC	KIAA1549--BRAF	KIAA1549	BRAF				"[Cosmic,ChimerPub,ChimerSeq,chimerdb_pubmed,ChimerKB,INTRACHROMOSOMAL[chr7:1.74Mb]]"
BS_YDEBSX12	KIAA1549--BRAF	KIAA1549	BRAF				"[Cosmic,ChimerPub,ChimerSeq,chimerdb_pubmed,ChimerKB,INTRACHROMOSOMAL[chr7:1.74Mb]]"
BS_9QJE5XMG	KIAA1549--BRAF	KIAA1549	BRAF				"[Cosmic,ChimerPub,ChimerSeq,chimerdb_pubmed,ChimerKB,INTRACHROMOSOMAL[chr7:1.74Mb]]"
BS_DRTC8YRZ	ETV6--RUNX1	ETV6	RUNX1				"[Cosmic,chimerdb_omim,Mitelman,ChimerSeq,chimerdb_pubmed,ChimerKB,CCLE,INTERCHROMOSOMAL[chr12--chr21]]"
BS_DRTC8YRZ	RUNX1--ETV6	RUNX1	ETV6				"[chimerdb_omim,ChimerPub,ChimerKB,INTERCHROMOSOMAL[chr21--chr12]]"
BS_GJEBYP1N	KIAA1549--BRAF	KIAA1549	BRAF				"[Cosmic,ChimerPub,ChimerSeq,chimerdb_pubmed,ChimerKB,INTRACHROMOSOMAL[chr7:1.74Mb]]"
BS_VM548G8F	ADCK4--NUMBL	ADCK4	NUMBL				[Babiceanu_Normal]
BS_5RT1NBNX	NUP214--ABL1	NUP214	ABL1				"[ChimerSeq,chimerdb_pubmed,ChimerKB,CCLE,Cosmic,chimerdb_omim,ChimerPub,INTRACHROMOSOMAL[chr9:0.24Mb]]"
BS_CK7YAZC0	QKI--BRAF	QKI	BRAF				[INTERCHROMOSOMAL[chr6--chr7]]
BS_J7160EQ5	SYN2--PPARG	SYN2	PPARG				"[GTEx,INTRACHROMOSOMAL[chr3:0.10Mb],NEIGHBORS[95968]]"
BS_F7QTPCTC	KIAA1549--BRAF	KIAA1549	BRAF				"[Cosmic,ChimerPub,ChimerSeq,chimerdb_pubmed,ChimerKB,INTRACHROMOSOMAL[chr7:1.74Mb]]"
BS_F7QTPCTC	COMT--BCR	COMT	BCR				[INTRACHROMOSOMAL[chr22:3.21Mb]]
BS_Y2KBZN1Q	MYB--QKI	MYB	QKI				"[ChimerPub,INTRACHROMOSOMAL[chr6:28.19Mb]]"
BS_X0Z9XZKJ	B2M--RARA	B2M	RARA				[INTERCHROMOSOMAL[chr15--chr17]]
BS_X0Z9XZKJ	B2M--BCL6	B2M	BCL6				"[GTEx,INTERCHROMOSOMAL[chr15--chr3]]"
BS_X0Z9XZKJ	CXCR4--BCL6	CXCR4	BCL6				[INTERCHROMOSOMAL[chr2--chr3]]
BS_X0Z9XZKJ	NAMPT--BCL6	NAMPT	BCL6				[INTERCHROMOSOMAL[chr7--chr3]]
BS_K236CQ11	KIAA1549--BRAF	KIAA1549	BRAF				"[Cosmic,ChimerPub,ChimerSeq,chimerdb_pubmed,ChimerKB,INTRACHROMOSOMAL[chr7:1.74Mb]]"
BS_RAENXFNV	KIAA1549--BRAF	KIAA1549	BRAF				"[Cosmic,ChimerPub,ChimerSeq,chimerdb_pubmed,ChimerKB,INTRACHROMOSOMAL[chr7:1.74Mb]]"
BS_RQ4TNF1G	EWSR1--FLI1	EWSR1	FLI1				"[CCLE,Klijn_CellLines,ChimerKB,ChimerSeq,FA_CancerSupp,ChimerPub,Mitelman,Cosmic,INTERCHROMOSOMAL[chr22--chr11]]"
BS_C33FVEMC	KIAA1549--BRAF	KIAA1549	BRAF				"[Cosmic,ChimerPub,ChimerSeq,chimerdb_pubmed,ChimerKB,INTRACHROMOSOMAL[chr7:1.74Mb]]"
BS_KBBEP6GP	ESR1--CRYBG1	ESR1	CRYBG1				[INTRACHROMOSOMAL[chr6:45.08Mb]]
BS_RYKSW03T	KIAA1549--BRAF	KIAA1549	BRAF				"[Cosmic,ChimerPub,ChimerSeq,chimerdb_pubmed,ChimerKB,INTRACHROMOSOMAL[chr7:1.74Mb]]"
BS_Y0R2M7K6	TFG--GPR128	TFG	GPR128				"[ChimerPub,GTEx,ChimerKB,Greger_Normal,ChimerSeq]"
BS_NA6SPY6X	KIAA1549--BRAF	KIAA1549	BRAF				"[Cosmic,ChimerPub,ChimerSeq,chimerdb_pubmed,ChimerKB,INTRACHROMOSOMAL[chr7:1.74Mb]]"
BS_1D6PZNKN	FGF14--ESRRG/GPATCH2	FGF14	ESRRG		GPATCH2	frameshift	translocation